<?xml version="1.0" encoding="UTF-8"?>
<device xmlns:xsi="http://www.w3.org/2001/XMLSchema-instance" xsi:noNamespaceSchemaLocation="trdp-config.xsd" host-name="ED1-1" leader-name="ED1-1-leader" type="dummy">
	<!-- Device Config -->
	<!-- tau_readXmlDeviceConfig()	pMemConfig	Parameter -->
    <device-configuration memory-size="10485760">
        <mem-block-list>
            <mem-block size="32" preallocate="512" />
            <mem-block size="72" preallocate="256"/>
            <mem-block size="128" preallocate="256"/>
        </mem-block-list>
    </device-configuration>
	<!-- Debug Config -->
    <debug file-name="trdp.log" file-size="1000000" info="DTFC" level="W" />
	<!-- Communication Parameter -->
    <com-parameter-list>
        <!--Default PD communication parameters-->
        <com-parameter id="1" qos="5" ttl="64" />
        <!--Default MD communication parameters-->
        <com-parameter id="2" qos="3" ttl="64" />
        <!--Own PD communication parameters-->
        <com-parameter id="4" qos="4" ttl="2" />
    </com-parameter-list>
	<!-- Interface Config -->
    <bus-interface-list>
		<!-- Subnet1(eth0) Interface Config -->
        <bus-interface network-id="1" name="eth0" >
			<!-- Process Config -->
            <trdp-process blocking="no" cycle-time="10000" priority="80" traffic-shaping="on" />
			<!-- PD Config -->
            <pd-com-parameter marshall="on" port="17224" qos="5" ttl="64" timeout-value="100000" validity-behavior="zero" callback="on"/>
			<!-- MD Config -->
            <md-com-parameter udp-port="17225" tcp-port="17225"
                              confirm-timeout="1000000" connect-timeout="60000000" reply-timeout="5000000"
                              marshall="on" protocol="UDP" qos="3" retries="2" ttl="64" num-sessions="1000"/>
			<!-- Publish Telegram -->
			<!-- Publisher1 -->
            <telegram name="publish_tlg10001" com-id="10001" data-set-id="1001" com-parameter-id="1">
                <pd-parameter cycle="10000" marshall="on" timeout ="30000" validity-behavior="keep" redundant="0" callback="on" offset-address="4096"/>
                <destination id="1" uri="239.255.1.1" name="destinationId1">
                    <sdt-parameter smi1="1234" smi2="0" udv="56" rx-period="500" tx-period="2000" n-rxsafe="3" n-grard="100" cm-thr="10"/>
                </destination>
            </telegram>
        </bus-interface>
		<!-- Subnet2(eth1) Interface Config -->
        <bus-interface network-id="2" name="eth1" >
			<!-- Process Config -->
            <trdp-process blocking="no" cycle-time="10000" priority="80" traffic-shaping="on" />
			<!-- PD Config -->
            <pd-com-parameter marshall="on" port="17224" qos="5" ttl="64" timeout-value="100000" validity-behavior="zero" callback="on"/>
			<!-- MD Config -->
            <md-com-parameter udp-port="17225" tcp-port="17225"
                              confirm-timeout="1000000" connect-timeout="60000000" reply-timeout="5000000"
                              marshall="on" protocol="UDP" qos="3" retries="2" ttl="64" num-sessions="1000"/>
			<!-- Publish Telegram -->
			<!-- Publisher1 -->
            <telegram name="publish_tlg10001" com-id="10001" data-set-id="1001" com-parameter-id="1">
                <pd-parameter cycle="10000" marshall="on" timeout ="30000" validity-behavior="keep" redundant="0" callback="on" offset-address="4096"/>
                <destination id="1" uri="239.255.1.1" name="destinationId1">
                    <sdt-parameter smi1="1234" smi2="0" udv="56" rx-period="500" tx-period="2000" n-rxsafe="3" n-grard="100" cm-thr="10"/>
                </destination>
            </telegram>
        </bus-interface>
    </bus-interface-list>
    <mapped-device-list>
    </mapped-device-list>
    <data-set-list>
        <data-set name="testDS1001" id="1001">
            <element name="u8_A" type="UINT8"/>
            <element name="u8_B" type="UINT8"/>
            <element name="u16" type="UINT16"/>
            <element name="u32" type="UINT32"/>
            <element name="u64" type="UINT64"/>
        </data-set>
        <data-set name="testDS1002" id="1002">
            <element name="au8" type="UINT8" array-size="16"/>
            <element name="au16" type="UINT16" array-size="16"/>
            <element name="au32" type="UINT32" array-size="16"/>
            <element name="au64" type="UINT64" array-size="16"/>
        </data-set>
        <data-set name="testDS1003" id="1003">
            <element name="u16" type="UINT16"/>
            <element name="u32" type="UINT32"/>
            <element name="u64" type="UINT64"/>
        </data-set>
        <data-set name="testDS2001" id="2001">
            <element name="td64" type="TIMEDATE64"/>
            <element name="r64" type="REAL64"/>
            <element name="u64" type="UINT64"/>
            <element name="i64" type="INT64"/>
            <element name="td32" type="TIMEDATE32"/>
            <element name="r32" type="REAL32"/>
            <element name="u32" type="UINT32"/>
            <element name="i32" type="INT32"/>
            <element name="u16" type="UINT16"/>
            <element name="i16" type="INT16"/>
            <element name="utf16" type="UTF16"/>
            <element name="u8" type="UINT8"/>
            <element name="i8" type="INT8"/>
            <element name="c" type="CHAR8"/>
            <element name="b" type="BOOL8"/>
        </data-set>
        <data-set name="testDS2002" id="2002">
            <element name="aDS1003" type="1003" array-size ="2"/>
        </data-set>
        <data-set name="testDS2003" id="2003">
            <element name="aDS1003" type="1003" array-size ="4"/>
        </data-set>
    </data-set-list>
</device>
